"","sound","amusement","anger","disgust","effort","fear","joy","pain","pleasure","sadness","no_reps","shown","rated","skipped","num.em","real.em","context","call","duration","sex","emotion","correct"
"1","ut_anger_05-f-grunt-with-effort.mp3",0,28.5454545454545,3.87878787878788,43.4848484848485,2.06060606060606,0,14.0606060606061,1.54545454545455,0,1.6969696969697,33,32,1,1.5625,"anger","smash_comp","roar",0.431,"OTHER","effort",FALSE
"2","ut_anger_06-f-roar.mp3",9.23333333333333,15.6666666666667,5.66666666666667,4.8,23.2666666666667,3,2.7,3.33333333333333,0,1.26666666666667,30,26,4,1.26923076923077,"anger","lose_game","roar",0.717,"OTHER","fear",FALSE
"3","ut_anger_09-f-scream.mp3",2.63157894736842,5.31578947368421,0.710526315789474,0.842105263157895,74.3421052631579,0,10.2368421052632,0,0.657894736842105,1.02631578947368,38,37,1,1.24324324324324,"anger","fail_singing","scream",0.865,"OTHER","fear",FALSE
"4","ut_anger_13-m-roar-scream.mp3",5.06451612903226,34.5483870967742,6.45161290322581,5.32258064516129,35.0322580645161,0.774193548387097,12.3225806451613,0,1.51612903225806,1.48387096774194,31,29,2,1.6551724137931,"anger","tantrum","scream",3.838,"AM","fear",FALSE
"5","ut_anger_21-m-roar-growl.mp3",0,26.2,6.25714285714286,28.0571428571429,9.37142857142857,2.45714285714286,29.7142857142857,1.88571428571429,1.11428571428571,1.22857142857143,35,35,0,1.65714285714286,"anger","tantrum","roar",2.583,"AM","pain",FALSE
"6","ut_anger_23-f-roar-scream.mp3",0,45.8235294117647,0,2.55882352941176,36.1176470588235,0,19.4411764705882,0,0,1.17647058823529,34,32,2,1.46875,"anger","lose_game","roar",1.253,"OTHER","anger",TRUE
"7","ut_anger_23-m-roar.mp3",0,57.5357142857143,0,12.9642857142857,30.3214285714286,0,20.1428571428571,0,0,1.28571428571429,28,28,0,1.89285714285714,"anger","smash_comp","roar",1.258,"AM","anger",TRUE
"8","ut_anger_24-f-roar-curse.mp3",8.58620689655172,39.7931034482759,2.24137931034483,5.27586206896552,16.7931034482759,0,16.8620689655172,0,3.44827586206897,1.31034482758621,29,27,2,1.2962962962963,"anger","lose_game","roar",1.464,"OTHER","anger",TRUE
"9","ut_anger_25-m-roar-curse.mp3",2.11764705882353,57.5294117647059,2.29411764705882,6.14705882352941,21.7941176470588,0,21.7352941176471,1.26470588235294,1.38235294117647,1.17647058823529,34,33,1,1.60606060606061,"anger","smash_comp","roar",1.664,"AM","anger",TRUE
"10","ut_anger_28-f-scream-curse.mp3",0.25,19.5416666666667,4.20833333333333,0,31,0,4.16666666666667,0,0,1.54166666666667,24,23,1,1.26086956521739,"anger","tantrum","scream",0.419,"OTHER","fear",FALSE
"11","ut_anger_29-f-scream.mp3",1.19230769230769,11.1923076923077,1.65384615384615,0,58.5,3.84615384615385,15.5769230769231,0.461538461538462,0,1.11538461538462,26,26,0,1.23076923076923,"anger","tantrum","scream",0.847,"OTHER","fear",FALSE
"12","ut_anger_30-m-roar-curse.mp3",0,66.4137931034483,3.93103448275862,9.58620689655172,5.62068965517241,0,7.82758620689655,0,0,1.6551724137931,29,29,0,1.24137931034483,"anger","smash_comp","roar",0.775,"AM","anger",TRUE
"13","ut_anger_36-f-roar-curse.mp3",2.70588235294118,40.2058823529412,4.79411764705882,5.73529411764706,9.32352941176471,7.70588235294118,10.1470588235294,1.5,10.2352941176471,1.26470588235294,34,33,1,1.57575757575758,"anger","tantrum","roar",6.301,"OTHER","anger",TRUE
"14","ut_anger_38-c-roar.mp3",0,26,5.66666666666667,15.4,5.83333333333333,0,1.26666666666667,1.06666666666667,0,1.86666666666667,30,26,4,1.19230769230769,"anger","tantrum","roar",0.59,"OTHER","anger",TRUE
"15","ut_anger_41-f-scream-angry-sad-tantrum.mp3",2.38235294117647,6.88235294117647,4.67647058823529,3.47058823529412,52.6176470588235,0,20.1764705882353,0,3.35294117647059,1.52941176470588,34,33,1,1.48484848484848,"anger","tantrum","scream",1.034,"OTHER","fear",FALSE
"16","ut_anger_47-f-scream-tantrum.mp3",0,17.6774193548387,1.74193548387097,0.774193548387097,76.4193548387097,0,13.6774193548387,0,4.96774193548387,1.16129032258065,31,31,0,1.48387096774194,"anger","tantrum","scream",1.847,"OTHER","fear",FALSE
"17","ut_anger_49-f-scream-tantrum.mp3",0.6,19,7.04,3.04,63.08,8.8,3.12,0,0.32,1.2,25,23,2,1.73913043478261,"anger","tantrum","roar",0.776,"OTHER","fear",FALSE
"18","ut_anger_51-m-scream-tantrum.mp3",0,28.6666666666667,5.8974358974359,4.76923076923077,43.2564102564103,0,10.2564102564103,0,0,1.28205128205128,39,36,3,1.47222222222222,"anger","smash_comp","scream",0.851,"AM","fear",FALSE
"19","ut_anger_54-m-roar.mp3",0,38.1481481481481,0.481481481481481,15.2592592592593,2.66666666666667,0,7.66666666666667,1.14814814814815,0,1.44444444444444,27,25,2,1.48,"anger","smash_comp","roar",0.792,"AM","anger",TRUE
"20","ut_anger_55-m-roar-with-effort.mp3",0,9.38235294117647,2.35294117647059,58.0882352941176,0,0,4.58823529411765,2.41176470588235,0.205882352941176,1.23529411764706,34,33,1,1.3030303030303,"anger","smash_comp","roar",1.025,"AM","effort",FALSE
"21","ut_anger_58-m-roar.mp3",0,23.7105263157895,2.28947368421053,2.55263157894737,31.9473684210526,0,14.6842105263158,0,0,1.42105263157895,38,34,4,1.29411764705882,"anger","curse_cheater","roar",0.593,"AM","fear",FALSE
"22","ut_anger_59-m-roar.mp3",0,23.1707317073171,1.80487804878049,11.7073170731707,17.1951219512195,4.8780487804878,22.9756097560976,0.292682926829268,0,1.36585365853659,41,37,4,1.48648648648649,"anger","smash_comp","roar",0.996,"AM","anger",TRUE
"23","ut_anger_61-m-roar-curse.mp3",0.59375,25.34375,1.8125,3.5625,26.1875,0,15.21875,0.84375,0,1.5,32,30,2,1.43333333333333,"anger","curse_cheater","roar",0.858,"AM","fear",FALSE
"24","ut_anger_62-m-growl.mp3",0,21.953488372093,1.23255813953488,10.7906976744186,0,0,1.30232558139535,0,0,1.90697674418605,43,27,16,1.11111111111111,"anger","smash_comp","roar",0.576,"AM","anger",TRUE
"25","ut_anger_64-m-roar-overdrive.mp3",0,42.2162162162162,7.97297297297297,10.0540540540541,5.08108108108108,0,2.21621621621622,0,0,1.37837837837838,37,28,9,1.39285714285714,"anger","smash_comp","roar",0.95,"AM","anger",TRUE
"26","ut_disgust_03.mp3",0,0.964285714285714,35.9642857142857,15.2857142857143,0,1.35714285714286,6.67857142857143,5.53571428571429,5.32142857142857,1.39285714285714,28,26,2,1.57692307692308,"disgust","stromming","tone",1.535,"AM","disgust",TRUE
"27","ut_disgust_04.mp3",2.85714285714286,0.485714285714286,0,26.0285714285714,0.942857142857143,2.74285714285714,5.48571428571429,12.8857142857143,0.342857142857143,1.71428571428571,35,33,2,1.21212121212121,"disgust","stromming","grunt",0.65,"AM","effort",FALSE
"28","ut_disgust_10-1.mp3",1.28571428571429,23.5714285714286,5.28571428571429,24.8857142857143,1.74285714285714,0.628571428571429,7.77142857142857,3.11428571428571,0,1.54285714285714,35,33,2,1.42424242424242,"disgust","stromming","roar",0.586,"AM","effort",FALSE
"29","ut_disgust_10-2.mp3",0,1.19047619047619,50.6904761904762,6.80952380952381,0,0,9.69047619047619,0,0,1.35714285714286,42,40,2,1.1,"disgust","stromming","tone",0.529,"AM","disgust",TRUE
"30","ut_disgust_12.mp3",0,2.5,40.5714285714286,18.7857142857143,0,0,1.17857142857143,6.14285714285714,0.535714285714286,1.17857142857143,28,27,1,1.25925925925926,"disgust","stromming","grunt",1.652,"AM","disgust",TRUE
"31","ut_disgust_16-f.mp3",0,0,83.3333333333333,0,0,0,0,0,0,1.66666666666667,33,32,1,1,"disgust","baby_food","tone",0.73,"OTHER","disgust",TRUE
"32","ut_disgust_17-f.mp3",0,3.05555555555556,25.1666666666667,7.41666666666667,0,0,8.02777777777778,0,12.4444444444444,1.63888888888889,36,32,4,1.21875,"disgust","baby_food","grunt",1.111,"OTHER","disgust",TRUE
"33","ut_disgust_18-f.mp3",0,1.79411764705882,4.5,12,0,0,17.8529411764706,11.7941176470588,6.35294117647059,1.64705882352941,34,32,2,1.25,"disgust","baby_food","tone",0.645,"OTHER","pain",FALSE
"34","ut_disgust_19-f-scream.mp3",0,20.9354838709677,0,5.29032258064516,47.5161290322581,0,17.3225806451613,0,2.80645161290323,1.54838709677419,31,30,1,1.53333333333333,"disgust","baby_food","tone",0.625,"OTHER","fear",FALSE
"35","ut_disgust_21-f-roar.mp3",0,9.36666666666667,34.9666666666667,12.8,0.333333333333333,0,6.23333333333333,0,1.36666666666667,1.5,30,28,2,1.28571428571429,"disgust","baby_food","roar",0.607,"OTHER","disgust",TRUE
"36","ut_disgust_24-f.mp3",5.08823529411765,0,23.6176470588235,4.11764705882353,3.52941176470588,2.94117647058824,1.97058823529412,1.23529411764706,0,1.76470588235294,34,27,7,1.25925925925926,"disgust","baby_food","tone",1.038,"OTHER","disgust",TRUE
"37","ut_disgust_27-f.mp3",1.10344827586207,0,18.5862068965517,10.8275862068966,0,0,5.13793103448276,14.6896551724138,0.310344827586207,1.72413793103448,29,29,0,1.24137931034483,"disgust","food_challenge","tone",0.505,"OTHER","disgust",TRUE
"38","ut_disgust_30-f.mp3",6.57575757575758,0,5.3030303030303,0,0,6.93939393939394,3.3030303030303,33.4242424242424,13.3333333333333,1.24242424242424,33,32,1,1.28125,"disgust","food_challenge","tone",0.67,"OTHER","pleasure",FALSE
"39","ut_disgust_34-f.mp3",0,3.03125,39,4.6875,0,0,12.96875,1.4375,1.1875,1.5625,32,30,2,1.06666666666667,"disgust","food_challenge","tone",0.591,"OTHER","disgust",TRUE
"40","ut_disgust_35-m.mp3",0.55,0,12.4,6.95,0,3.025,5.925,28.975,0.625,1.4,40,37,3,1.32432432432432,"disgust","baby_food","tone",0.638,"AM","pleasure",FALSE
"41","ut_disgust_37-f.mp3",0,0,51.0740740740741,4.22222222222222,2.51851851851852,0,6.96296296296296,10.2962962962963,0,1.18518518518519,27,27,0,1.22222222222222,"disgust","baby_food","tone",0.794,"OTHER","disgust",TRUE
"42","ut_disgust_39-c.mp3",0,0,64.75,0.25,0,0,0,0.0833333333333333,0,1.375,24,21,3,1.04761904761905,"disgust","food_challenge","grunt",0.443,"OTHER","disgust",TRUE
"43","ut_disgust_41-c.mp3",0,0,11.741935483871,14.741935483871,0,0.548387096774194,26.0967741935484,3.58064516129032,0.870967741935484,1.67741935483871,31,28,3,1.17857142857143,"disgust","food_challenge","tone",0.54,"OTHER","pain",FALSE
"44","ut_disgust_42-c_weird-tone-lemon.mp3",18.8333333333333,0,0,0.833333333333333,0,33.7,6.53333333333333,12.8333333333333,5.8,1.6,30,26,4,1.5,"disgust","food_challenge","tone",2.128,"OTHER","joy",FALSE
"45","ut_disgust_44-m-toilet.mp3",0,0.777777777777778,44.1111111111111,7,0,0,0,3.86111111111111,6.36111111111111,1.22222222222222,36,35,1,1.14285714285714,"disgust","toilet","grunt",0.696,"AM","disgust",TRUE
"46","ut_disgust_45-m-toilet.mp3",0,0,33.1515151515151,19.3333333333333,0,0,6.63636363636364,30.969696969697,0,1.3030303030303,33,33,0,1.33333333333333,"disgust","toilet","grunt",2.571,"AM","disgust",TRUE
"47","ut_disgust_46-m-toilet.mp3",1.55555555555556,1.66666666666667,10.2592592592593,0.740740740740741,0,4.48148148148148,5.77777777777778,44.2592592592593,3.74074074074074,1.14814814814815,27,27,0,1.18518518518519,"disgust","toilet","tone",1.215,"AM","pleasure",FALSE
"48","ut_disgust_51-m-toilet.mp3",1.64516129032258,1.58064516129032,12.6774193548387,15.0645161290323,0,3.12903225806452,2.90322580645161,32.2903225806452,0,1.48387096774194,31,30,1,1.46666666666667,"disgust","toilet","sigh",0.604,"AM","pleasure",FALSE
"49","ut_disgust_52-m-toilet.mp3",0,0,20.5365853658537,35.2682926829268,0,2.41463414634146,3.04878048780488,5.68292682926829,0,1.39024390243902,41,39,2,1.15384615384615,"disgust","toilet","grunt",1.42,"AM","effort",FALSE
"50","ut_disgust_54-m-toilet.mp3",0,0,15.8928571428571,13.2857142857143,0,2.17857142857143,10.2857142857143,12.0357142857143,0.321428571428571,1.42857142857143,28,25,3,1.36,"disgust","toilet","grunt",0.653,"AM","disgust",TRUE
"51","ut_effort_04.mp3",0,39.551724137931,14,19.2758620689655,7.72413793103448,0,15.5862068965517,0,2.93103448275862,1.41379310344828,29,27,2,1.55555555555556,"effort","weight_lifting","roar",0.998,"AM","anger",FALSE
"52","ut_effort_13.mp3",0,13.5555555555556,7,32.9166666666667,2.30555555555556,0,11.8333333333333,0,0,1.69444444444444,36,31,5,1.25806451612903,"effort","weight_lifting","roar",0.895,"AM","effort",TRUE
"53","ut_effort_20.mp3",0.764705882352941,12.0294117647059,0,13.3235294117647,26.8823529411765,0,38.9411764705882,0.411764705882353,0,1.61764705882353,34,33,1,1.36363636363636,"effort","weight_lifting","roar",0.918,"AM","pain",FALSE
"54","ut_effort_24.mp3",0,7.35135135135135,23.7837837837838,26.1351351351351,9.81081081081081,0,2.91891891891892,0,0.027027027027027,1.54054054054054,37,33,4,1.3030303030303,"effort","weight_lifting","grunt",1,"AM","effort",TRUE
"55","ut_effort_26.mp3",0.277777777777778,0,4,9.69444444444444,7.52777777777778,1,17.6388888888889,14.3333333333333,0,1.77777777777778,36,29,7,1.3448275862069,"effort","weight_lifting","grunt",0.642,"OTHER","pain",FALSE
"56","ut_effort_f_01.mp3",0,9.39285714285714,5.67857142857143,2.75,42.4285714285714,0,18.75,0,0,1.25,28,23,5,1.39130434782609,"effort","weight_lifting","grunt",1.902,"AM","fear",FALSE
"57","ut_effort_f_03.mp3",4.72413793103448,0.448275862068966,3.20689655172414,1.51724137931034,8.96551724137931,0.448275862068966,3.96551724137931,0.620689655172414,0,2.58620689655172,29,11,18,1.54545454545455,"effort","weight_lifting","grunt",0.783,"AM","fear",FALSE
"58","ut_effort_f_06.mp3",0,1.41176470588235,17.1764705882353,27.3823529411765,0.970588235294118,0,1,5.67647058823529,2,1.79411764705882,34,27,7,1.37037037037037,"effort","weight_lifting","grunt",0.842,"AM","effort",TRUE
"59","ut_effort_f_08-mild.mp3",0,1.45454545454545,5.54545454545455,35.8484848484849,0,0,1.84848484848485,5.12121212121212,1.90909090909091,1.6969696969697,33,29,4,1.37931034482759,"effort","mild","roar",1.039,"AM","effort",TRUE
"60","ut_effort_f_09.mp3",0,0,5.81818181818182,32.1515151515151,0,0,4.84848484848485,20.3636363636364,0,1.54545454545455,33,30,3,1.23333333333333,"effort","gym","grunt",0.531,"OTHER","effort",TRUE
"61","ut_effort_f_11.mp3",1.66666666666667,6.97435897435897,4.07692307692308,32.6923076923077,0,0.641025641025641,7.94871794871795,6.56410256410256,0,1.64102564102564,39,35,4,1.25714285714286,"effort","gym","grunt",0.764,"OTHER","effort",TRUE
"62","ut_effort_f_14-quiet-grunt.mp3",0,0,5.8,30.2857142857143,0,2.85714285714286,0,16.1142857142857,0,1.88571428571429,35,28,7,1.25,"effort","gym","sigh",0.732,"OTHER","effort",TRUE
"63","ut_effort_f_18-wheeze-sigh.mp3",0,0,9.93548387096774,35.0645161290323,0,0,22.2258064516129,8.70967741935484,0,1.35483870967742,31,28,3,1.32142857142857,"effort","gym","grunt",1.211,"OTHER","effort",TRUE
"64","ut_effort_f_19-sigh.mp3",4.25806451612903,0.709677419354839,6.2258064516129,25.9354838709677,1.48387096774194,0.290322580645161,0.870967741935484,0,3.12903225806452,2.06451612903226,31,22,9,1.22727272727273,"effort","gym","sigh",0.889,"OTHER","effort",TRUE
"65","ut_effort_f_21.mp3",0,1.60714285714286,7.71428571428571,29.6428571428571,0,0,0,1.21428571428571,0,1.71428571428571,28,20,8,1.15,"effort","gym","sigh",0.549,"OTHER","effort",TRUE
"66","ut_effort_f_23-roar.mp3",0,0,0.257142857142857,58.5714285714286,1.02857142857143,0,10.1714285714286,0.428571428571429,0,1.28571428571429,35,34,1,1.14705882352941,"effort","gym","roar",1.686,"OTHER","effort",TRUE
"67","ut_effort-m-10-toilet.mp3",0.897435897435897,1.84615384615385,2.41025641025641,47.6153846153846,0,0,5.84615384615385,0.58974358974359,1.74358974358974,1.71794871794872,39,37,2,1.13513513513514,"effort","mild","roar",0.628,"OTHER","effort",TRUE
"68","ut_effort-m-11-sports.mp3",0,1.93333333333333,8.1,45.4333333333333,0,0,2.5,2.26666666666667,0,1.73333333333333,30,26,4,1.26923076923077,"effort","gym","roar",0.448,"OTHER","effort",TRUE
"69","ut_effort-m-13-sports.mp3",0,5.29411764705882,0,49.1176470588235,1.41176470588235,0,3.61764705882353,1.82352941176471,0,1.70588235294118,34,31,3,1.25806451612903,"effort","weight_lifting","roar",0.589,"OTHER","effort",TRUE
"70","ut_effort-m-15-sports.mp3",0,27.7027027027027,12,23.5945945945946,8.10810810810811,0,5.48648648648649,0,0,1.35135135135135,37,34,3,1.38235294117647,"effort","weight_lifting","tone",0.827,"OTHER","anger",FALSE
"71","ut_effort-m-16-sports.mp3",0,3.21875,5.8125,42,2.1875,0,3.3125,3.21875,1.78125,1.65625,32,29,3,1.17241379310345,"effort","gym","grunt",0.622,"OTHER","effort",TRUE
"72","ut_effort-m-18-sports.mp3",0,0,3.26315789473684,56.7631578947368,2.23684210526316,0.236842105263158,7.84210526315789,0.210526315789474,0,1.23684210526316,38,36,2,1.13888888888889,"effort","mild","grunt",0.697,"AM","effort",TRUE
"73","ut_effort-m-21-sports-roar.mp3",0,23.1071428571429,9.57142857142857,46.7142857142857,1.89285714285714,0,4.14285714285714,0,1.39285714285714,1.35714285714286,28,26,2,1.38461538461538,"effort","weight_lifting","grunt",1.749,"AM","effort",TRUE
"74","ut_effort-m-22-sports.mp3",0,12.3428571428571,2.65714285714286,65.0571428571429,0.257142857142857,0,8,1.62857142857143,0,1.48571428571429,35,34,1,1.35294117647059,"effort","weight_lifting","grunt",0.627,"AM","effort",TRUE
"75","ut_effort-m-24-sports-wheeze.mp3",0,0,1.31034482758621,76.0344827586207,0,0.413793103448276,1.86206896551724,2.79310344827586,0,1.10344827586207,29,26,3,1.19230769230769,"effort","weight_lifting","grunt",1.945,"AM","effort",TRUE
"76","ut_exams_00-achievement-relief-roar-m.mp3",5.13888888888889,18.1666666666667,4.13888888888889,25.3055555555556,6.02777777777778,0,6.41666666666667,2.58333333333333,0,1.44444444444444,36,33,3,1.24242424242424,"joy","exams","roar",2.725,"AM","effort",FALSE
"77","ut_exams_01-relief-triumph-m-tone.mp3",0.542857142857143,0,10.7142857142857,26.4285714285714,1.17142857142857,8.51428571428571,0,2.05714285714286,0,1.51428571428571,35,30,5,1.2,"joy","exams","tone",0.528,"AM","effort",FALSE
"78","ut_exams_04-m-relief-sigh.mp3",0,0,0,33.5,0,4.61363636363636,2,33.3636363636364,1.52272727272727,1.29545454545455,44,43,1,1.27906976744186,"joy","exams","sigh",2.72,"AM","effort",FALSE
"79","ut_exams_05-f-laugh.mp3",57.8235294117647,0,0,0,0,53.3235294117647,0,3.47058823529412,0.294117647058824,1.05882352941176,34,34,0,1.61764705882353,"joy","exams","laugh",2.01,"OTHER","amusement",FALSE
"80","ut_exams_08-f-sigh-relief.mp3",0,0,8.92592592592593,2.2962962962963,0,0,9.66666666666667,58.5185185185185,0,1.03703703703704,27,26,1,1.34615384615385,"joy","exams","sigh",0.938,"OTHER","pleasure",FALSE
"81","ut_exams_10-f-short-laugh.mp3",32.3448275862069,0,0,0,0,32.7586206896552,1.82758620689655,1.6551724137931,8.31034482758621,1.20689655172414,29,28,1,1.39285714285714,"joy","exams","laugh",1.675,"OTHER","joy",TRUE
"82","ut_exams_13-m-sigh-relief.mp3",0,1.2972972972973,2,17.7297297297297,18.7297297297297,2.2972972972973,7.86486486486486,35,1.62162162162162,1.13513513513514,37,36,1,1.38888888888889,"joy","exams","sigh",2.268,"AM","pleasure",FALSE
"83","ut_exams_15-c-sigh-laugh.mp3",42.09375,0,0,0,0,35.53125,0,4.78125,0,1.0625,32,31,1,1.54838709677419,"joy","exams","laugh",1.01,"OTHER","amusement",FALSE
"84","ut_exams_18-m-tone-triumph.mp3",23,1.41379310344828,5.03448275862069,2.89655172413793,4.93103448275862,37.6206896551724,1.17241379310345,5.44827586206897,1.58620689655172,1.24137931034483,29,27,2,1.62962962962963,"joy","exams","tone",0.87,"AM","joy",TRUE
"85","ut_exams_19-m-sad-sigh.mp3",1.14705882352941,1.55882352941176,5.5,13.8529411764706,0,0,2.41176470588235,23.4117647058824,0,1.32352941176471,34,32,2,1.21875,"sadness","exams_sad","sigh",0.669,"AM","pleasure",FALSE
"86","ut_exams_20-f-happy-sigh.mp3",13.5806451612903,0,0,2,2.83870967741935,24.8709677419355,0,21.258064516129,0,1.51612903225806,31,26,5,1.42307692307692,"joy","exams","sigh",1.25,"OTHER","joy",TRUE
"87","ut_fear_00.mp3",0,9.57575757575758,2.78787878787879,0.636363636363636,74.7575757575758,0.454545454545455,16.7272727272727,0,1.72727272727273,1.12121212121212,33,32,1,1.625,"fear","fright","scream",1.908,"OTHER","fear",TRUE
"88","ut_fear_07.mp3",4.28205128205128,7.76923076923077,2.28205128205128,2.20512820512821,17.9230769230769,7.94871794871795,15.3333333333333,5.23076923076923,14.2820512820513,1.35897435897436,39,37,2,1.45945945945946,"fear","static","scream",1.958,"OTHER","fear",TRUE
"89","ut_fear_20.mp3",0.558823529411765,2.94117647058824,2.94117647058824,0,63.5882352941176,6.76470588235294,8.44117647058824,0,0,1.14705882352941,34,32,2,1.15625,"fear","fright","scream",2.8,"OTHER","fear",TRUE
"90","ut_fear_23-scream-laugh.mp3",7.93103448275862,3.96551724137931,3.96551724137931,0.379310344827586,52.2068965517241,19.1379310344828,11.5172413793103,2,0.758620689655172,1.24137931034483,29,29,0,1.68965517241379,"fear","haunted_house","scream",2.537,"OTHER","fear",TRUE
"91","ut_fear_26.mp3",0,5.65714285714286,4.51428571428571,4.14285714285714,58.3142857142857,0,16.2857142857143,2.85714285714286,3.02857142857143,1.11428571428571,35,34,1,1.41176470588235,"fear","haunted_house","scream",1.424,"OTHER","fear",TRUE
"92","ut_fear_29-f-scream.mp3",0,0,1.05714285714286,4.6,86.4285714285714,0,11.0285714285714,0,3.14285714285714,1.05714285714286,35,34,1,1.38235294117647,"fear","haunted_house","scream",2.468,"OTHER","fear",TRUE
"93","ut_fear_33-f-scream.mp3",2.62162162162162,0,1.67567567567568,0,62.3513513513514,0,5.02702702702703,0,0,1.05405405405405,37,35,2,1.08571428571429,"fear","haunted_house","scream",0.527,"OTHER","fear",TRUE
"94","ut_fear_38-f-scream.mp3",3.97297297297297,9.2972972972973,2.91891891891892,0,60.8108108108108,1.45945945945946,7.48648648648649,0.432432432432432,0,1.08108108108108,37,36,1,1.30555555555556,"fear","haunted_house","scream",2.422,"OTHER","fear",TRUE
"95","ut_fear_41-f-scream.mp3",1.32352941176471,6.97058823529412,1.5,0,76.3823529411765,0,6.05882352941176,0,0,1.14705882352941,34,32,2,1.3125,"fear","fright","scream",0.792,"OTHER","fear",TRUE
"96","ut_fear_44-m-scream.mp3",12.3939393939394,19.5151515151515,1.96969696969697,0,45.9090909090909,12.4242424242424,6.75757575757576,0.333333333333333,0,1.3030303030303,33,32,1,1.65625,"fear","static","scream",2.006,"AM","fear",TRUE
"97","ut_fear_45-m-roar.mp3",0,31.15625,3.125,18.25,11,0,24.125,0,0.6875,1.25,32,31,1,1.51612903225806,"fear","fright","roar",1.414,"AM","anger",FALSE
"98","ut_fear_47-m-with-disgust.mp3",0,9.82352941176471,2.17647058823529,14.7352941176471,27.9705882352941,2.32352941176471,6,4.29411764705882,0,1.44117647058824,34,30,4,1.26666666666667,"fear","static","grunt",2.108,"AM","fear",TRUE
"99","ut_fear_49-m-scream.mp3",8.62162162162162,5.45945945945946,2.7027027027027,0.72972972972973,39.7837837837838,12.3783783783784,8.35135135135135,2.7027027027027,1.40540540540541,1.21621621621622,37,36,1,1.41666666666667,"fear","static","scream",0.941,"AM","fear",TRUE
"100","ut_fear_51-m-scream.mp3",6.64285714285714,11.3571428571429,2.10714285714286,3.17857142857143,39.6785714285714,1.67857142857143,23.5,2.28571428571429,2.39285714285714,1.25,28,26,2,1.69230769230769,"fear","fright","scream",1.495,"AM","fear",TRUE
"101","ut_fear_53-f-scream.mp3",0,3.7037037037037,0.555555555555556,0,71.1851851851852,0.259259259259259,4.85185185185185,0,0,1.33333333333333,27,25,2,1.2,"fear","fright","scream",1.316,"OTHER","fear",TRUE
"102","ut_fear_57-m-tone.mp3",0,0.289473684210526,19.2105263157895,7.02631578947368,33.3684210526316,0,5.36842105263158,1.42105263157895,6.02631578947368,1.31578947368421,38,36,2,1.47222222222222,"fear","static","scream",1.23,"AM","fear",TRUE
"103","ut_fear_61-f-scream.mp3",2.83333333333333,4.03333333333333,0,0,57.7333333333333,0,6.76666666666667,0,0,1.1,30,29,1,1.13793103448276,"fear","fright","scream",0.491,"OTHER","fear",TRUE
"104","ut_fear_63-m-scream.mp3",0,13.44,1.76,17.28,11.24,1.84,11.52,0,0,1.56,25,20,5,1.3,"fear","fright","scream",0.784,"AM","effort",FALSE
"105","ut_fear_64-f-scream.mp3",2.15789473684211,11.8684210526316,3.57894736842105,2.63157894736842,68.1315789473684,0,6.63157894736842,0,2.63157894736842,1.31578947368421,38,37,1,1.2972972972973,"fear","fright","scream",0.53,"OTHER","fear",TRUE
"106","ut_fear_66-f-scream.mp3",2.74193548387097,0,0.225806451612903,0,56.6129032258064,3.51612903225806,0,0.645161290322581,0,1.32258064516129,31,27,4,1.11111111111111,"fear","fright","scream",0.432,"OTHER","fear",TRUE
"107","ut_fear-bungee_00.mp3",3.07692307692308,4.61538461538461,0.653846153846154,0,58.1923076923077,8.30769230769231,3,0,0,1.19230769230769,26,23,3,1.21739130434783,"fear","bungee","scream",0.941,"OTHER","fear",TRUE
"108","ut_fear-bungee_02.mp3",10.7,1.63333333333333,1.4,0,41.5666666666667,15.2666666666667,4,5.13333333333333,0,1.23333333333333,30,29,1,1.41379310344828,"fear","bungee","scream",2.474,"AM","fear",TRUE
"109","ut_fear-bungee_08.mp3",0,6.15384615384615,1.51282051282051,0.41025641025641,82.7692307692308,1.33333333333333,9.74358974358974,0,0,1.05128205128205,39,39,0,1.25641025641026,"fear","bungee","scream",2.163,"AM","fear",TRUE
"110","ut_fear-bungee_11.mp3",0,20.8666666666667,0,6.26666666666667,55.0666666666667,0,24.1333333333333,0,1.53333333333333,1.06666666666667,30,29,1,1.44827586206897,"fear","bungee","roar",3.655,"AM","fear",TRUE
"111","ut_fear-bungee_20.mp3",1.28125,6.5625,0,0,70.59375,11.75,6.1875,1.6875,0,1.15625,32,32,0,1.46875,"fear","bungee","scream",1.971,"OTHER","fear",TRUE
"112","ut_laugh-amused_02-f.mp3",61.1428571428571,0,0,1.39285714285714,0,53.25,0,3.21428571428571,5.39285714285714,1,28,28,0,1.64285714285714,"amusement","laugh.justfunny","laugh",5.881,"OTHER","amusement",TRUE
"113","ut_laugh-amused_05-f.mp3",33.44,0,0,0,0,46.44,0,0.6,5.88,1.2,25,25,0,1.36,"amusement","laugh.justfunny","laugh",1.341,"OTHER","joy",FALSE
"114","ut_laugh-amused_06-f.mp3",52.65625,0,0,0,0,55.5,0,3.5625,2.5625,1.125,32,31,1,1.58064516129032,"amusement","joking","laugh",2.691,"OTHER","joy",FALSE
"115","ut_laugh-amused_09-f.mp3",47.3333333333333,0,0,0.533333333333333,0,47.9777777777778,0,6.88888888888889,0,1.04444444444444,45,44,1,1.61363636363636,"amusement","laugh.justfunny","laugh",2.597,"OTHER","joy",FALSE
"116","ut_laugh-amused_12-m.mp3",44.2058823529412,0,1.41176470588235,0,2,32.7352941176471,0.323529411764706,2.23529411764706,1.58823529411765,1.26470588235294,34,33,1,1.36363636363636,"amusement","fool","laugh",1.851,"AM","amusement",TRUE
"117","ut_laugh-amused_13-m.mp3",50.2777777777778,0,0,0,0,43.2777777777778,0,2.61111111111111,0,1.05555555555556,36,36,0,1.47222222222222,"amusement","fool","laugh",1.327,"AM","amusement",TRUE
"118","ut_laugh-amused_20-m.mp3",20.0606060606061,0,0.96969696969697,0.363636363636364,6.72727272727273,23.6969696969697,2.78787878787879,4.84848484848485,20.1515151515152,1.48484848484848,33,32,1,1.625,"amusement","joking","laugh",1.568,"AM","joy",FALSE
"119","ut_laugh-amused_21-m.mp3",70.9642857142857,0,0,0,0,40.25,0,5.71428571428571,0,1,28,28,0,1.46428571428571,"amusement","fool","laugh",2.909,"AM","amusement",TRUE
"120","ut_laugh-amused_28-f.mp3",49.8148148148148,0,0,1.40740740740741,0,42.4074074074074,0,11.3333333333333,1.03703703703704,1.11111111111111,27,25,2,1.76,"amusement","camera","laugh",5.802,"OTHER","amusement",TRUE
"121","ut_laugh-amused_31-m.mp3",37.5277777777778,0,0,0,0.416666666666667,21.3333333333333,3.44444444444444,0.583333333333333,29.5833333333333,1.25,36,36,0,1.47222222222222,"amusement","laugh.justfunny","laugh",2.356,"AM","amusement",TRUE
"122","ut_laugh-amused_32-f.mp3",54.7222222222222,0,0,0,0,44.6666666666667,0,3.88888888888889,0,1.08333333333333,36,36,0,1.52777777777778,"amusement","laugh.justfunny","laugh",1.392,"OTHER","amusement",TRUE
"123","ut_laugh-amused_35-m.mp3",59,3.57142857142857,0,5.32142857142857,0,55.3928571428571,0.285714285714286,8.42857142857143,1.85714285714286,1,28,28,0,1.78571428571429,"amusement","camera","laugh",8.075,"AM","amusement",TRUE
"124","ut_laugh-amused_39-m.mp3",52.6666666666667,0,0,0,1.88888888888889,33.2962962962963,0,3.62962962962963,0,1,27,27,0,1.51851851851852,"amusement","camera","laugh",1.301,"AM","amusement",TRUE
"125","ut_laugh-amused_41-f.mp3",41.5769230769231,0,0,0,0,45.0769230769231,0,0.307692307692308,0,1.07692307692308,26,26,0,1.38461538461538,"amusement","laugh.justfunny","laugh",1.769,"OTHER","joy",FALSE
"126","ut_laugh-amused_45-m.mp3",54.1891891891892,0,0,0.459459459459459,0,54.4054054054054,0,1.97297297297297,5.56756756756757,1.10810810810811,37,37,0,1.64864864864865,"amusement","camera","laugh",2.818,"AM","joy",FALSE
"127","ut_laugh-amused_46-m.mp3",55.5714285714286,1.42857142857143,0,0,0,42.7142857142857,0,5.75,0,1.03571428571429,28,27,1,1.62962962962963,"amusement","camera","laugh",1.62,"AM","amusement",TRUE
"128","ut_laugh-amused_48-f.mp3",37.7777777777778,0,0,0,0,23.6296296296296,0,9.11111111111111,0,1.14814814814815,27,27,0,1.25925925925926,"amusement","camera","laugh",0.745,"OTHER","amusement",TRUE
"129","ut_laugh-amused_49-f.mp3",41.7272727272727,0,0,1.63636363636364,0,37.2727272727273,0,4.87878787878788,0,1.24242424242424,33,33,0,1.48484848484848,"amusement","camera","laugh",1.242,"OTHER","amusement",TRUE
"130","ut_laugh-amused_53-f.mp3",56.7058823529412,0,0,0,0,45.3529411764706,0.852941176470588,11.7352941176471,1.91176470588235,1.05882352941176,34,33,1,1.72727272727273,"amusement","camera","laugh",3.402,"OTHER","amusement",TRUE
"131","ut_laugh-malice_00.mp3",56.8148148148148,0,0,0.62962962962963,0,54.3703703703704,0,20.2962962962963,0,1,27,27,0,1.74074074074074,"amusement","stunt_failed","laugh",5.443,"OTHER","amusement",TRUE
"132","ut_laugh-malice_03.mp3",65.7058823529412,0,0,0,1.76470588235294,40.9411764705882,0,7.70588235294118,0,1.08823529411765,34,33,1,1.51515151515152,"amusement","stunt_failed","laugh",3.004,"AM","amusement",TRUE
"133","ut_laugh-malice_11.mp3",64.3076923076923,1.76923076923077,0,2.53846153846154,0,40.6923076923077,0,6.26923076923077,0.653846153846154,1,26,26,0,1.5,"amusement","stunt_failed","laugh",7.184,"AM","amusement",TRUE
"134","ut_laugh-malice_12.mp3",76.3103448275862,0,0,0,0,47.3448275862069,0,10.9310344827586,0,1.03448275862069,29,29,0,1.79310344827586,"amusement","laugh.justfunny","laugh",6.008,"AM","amusement",TRUE
"135","ut_laugh-malice_18.mp3",54.4666666666667,0,0,0,0,57,0,6.16666666666667,0.8,1,30,29,1,1.58620689655172,"amusement","stunt_failed","laugh",2.698,"AM","joy",FALSE
"136","ut_laugh-malice_19-m.mp3",51,0,0,0,0,45.9677419354839,0,1.96774193548387,3.06451612903226,1.03225806451613,31,31,0,1.48387096774194,"amusement","stunt_failed","laugh",1.556,"AM","amusement",TRUE
"137","ut_pain_00.mp3",0,4.80555555555556,2.77777777777778,12.6111111111111,4.05555555555556,0,49.5,0,0,1.41666666666667,36,35,1,1.28571428571429,"pain","injury","roar",1.112,"AM","pain",TRUE
"138","ut_pain_03.mp3",0,3.71875,9.46875,29.5625,1.25,0,21.21875,2.15625,0.59375,1.3125,32,27,5,1.33333333333333,"pain","injury","roar",0.98,"AM","effort",FALSE
"139","ut_pain_05.mp3",0,26.7941176470588,8.5,23,3.08823529411765,0,18.1764705882353,0,1.14705882352941,1.38235294117647,34,33,1,1.42424242424242,"pain","injury","roar",1.202,"AM","anger",FALSE
"140","ut_pain_07.mp3",0.333333333333333,0.4,6.56666666666667,24.8,0,1.86666666666667,34.8,5.33333333333333,0,1.13333333333333,30,29,1,1.37931034482759,"pain","injury","roar",0.984,"AM","pain",TRUE
"141","ut_pain_12.mp3",0,1.28571428571429,1.48571428571429,0,76.5714285714286,0.257142857142857,5,0,0,1.17142857142857,35,33,2,1.15151515151515,"pain","injury","scream",1.086,"OTHER","fear",FALSE
"142","ut_pain_18-birth.mp3",0,2.26086956521739,2.47826086956522,0,76.7826086956522,0,6.82608695652174,0,0,1.17391304347826,23,21,2,1.38095238095238,"pain","birth","scream",1.344,"OTHER","fear",FALSE
"143","ut_pain_25-birth.mp3",0,27.0810810810811,3.94594594594595,36.9189189189189,10.2972972972973,0,45.1081081081081,0,5.81081081081081,1.13513513513514,37,36,1,1.94444444444444,"pain","birth","roar",4.878,"OTHER","pain",TRUE
"144","ut_pain_31-birth-2-scream.mp3",3,18.125,0,2.45,53.225,0.45,41.2,0,0,1.125,40,40,0,1.775,"pain","birth","scream",3.702,"OTHER","fear",FALSE
"145","ut_pain_31-birth-4-whimper.mp3",0,0.911764705882353,2.91176470588235,2.76470588235294,21.7058823529412,3.17647058823529,23,19.9705882352941,3.47058823529412,1.26470588235294,34,33,1,1.51515151515152,"pain","birth","moan",1.247,"OTHER","pain",TRUE
"146","ut_pain_32-birth.mp3",0.357142857142857,12.1785714285714,3.67857142857143,6.92857142857143,20.1785714285714,0.428571428571429,31.0714285714286,2.42857142857143,3.35714285714286,1.32142857142857,28,24,4,1.75,"pain","birth","scream",1.569,"OTHER","pain",TRUE
"147","ut_pain_34-birth.mp3",0.916666666666667,3.19444444444444,0,1.08333333333333,68.7222222222222,2.33333333333333,12.4722222222222,0,0,1.05555555555556,36,36,0,1.16666666666667,"pain","birth","scream",2.608,"OTHER","fear",FALSE
"148","ut_pain_36-birth.mp3",0,0.714285714285714,1.17857142857143,3.85714285714286,15.2142857142857,7.07142857142857,32.1071428571429,34.3928571428571,3.32142857142857,1.21428571428571,28,28,0,1.46428571428571,"pain","birth","moan",2.678,"OTHER","pleasure",FALSE
"149","ut_pain_39-birth.mp3",0,0.392857142857143,0,0.75,3.07142857142857,0,60.9642857142857,0.642857142857143,0,1.14285714285714,28,27,1,1.25925925925926,"pain","birth","tone",0.746,"OTHER","pain",TRUE
"150","ut_pain_42-birth.mp3",0,5.93103448275862,0,3.17241379310345,76.3103448275862,3.10344827586207,7.20689655172414,0.793103448275862,0,1.24137931034483,29,29,0,1.27586206896552,"pain","birth","scream",1.2,"OTHER","fear",FALSE
"151","ut_pain_45-birth.mp3",0,0,16.6285714285714,3.8,24.4857142857143,2.8,7,17.5428571428571,7.28571428571429,1.42857142857143,35,34,1,1.35294117647059,"pain","birth","moan",1.78,"OTHER","fear",FALSE
"152","ut_pain_47-birth.mp3",1.47058823529412,5,4.70588235294118,3.23529411764706,12.8823529411765,0,47.2352941176471,8.41176470588235,6.05882352941176,1.23529411764706,34,33,1,1.42424242424242,"pain","birth","scream",4.768,"OTHER","pain",TRUE
"153","ut_pain_50-birth.mp3",1.75757575757576,4.09090909090909,6.33333333333333,4.72727272727273,77.0606060606061,0,20.7272727272727,1.27272727272727,1.66666666666667,1.06060606060606,33,33,0,1.81818181818182,"pain","birth","scream",2.656,"OTHER","fear",FALSE
"154","ut_pain_51-birth.mp3",0,0,0,1.58620689655172,23.6206896551724,1.41379310344828,6.58620689655172,23.448275862069,1.3448275862069,1.51724137931034,29,22,7,1.31818181818182,"pain","birth","moan",0.562,"OTHER","fear",FALSE
"155","ut_pain_54-birth.mp3",0.178571428571429,43.1785714285714,0.964285714285714,6.14285714285714,7.5,2.96428571428571,34.8571428571429,0,8.21428571428571,1.21428571428571,28,28,0,1.67857142857143,"pain","birth","scream",3.543,"OTHER","anger",FALSE
"156","ut_pain_55-birth.mp3",0,15.0882352941176,1.29411764705882,24.7352941176471,3.47058823529412,0,18.2058823529412,3.94117647058824,1.05882352941176,1.52941176470588,34,31,3,1.29032258064516,"pain","birth","roar",0.922,"OTHER","effort",FALSE
"157","ut_pain_68-birth.mp3",0.903225806451613,3.2258064516129,0,11.6451612903226,2.96774193548387,0,34.1612903225806,2.80645161290323,0.806451612903226,1.51612903225806,31,25,6,1.36,"pain","birth","grunt",1.541,"OTHER","pain",TRUE
"158","ut_pain_69-birth.mp3",0,24.1481481481481,5.85185185185185,50.7407407407407,0,0,10.4074074074074,1.96296296296296,0,1.22222222222222,27,27,0,1.51851851851852,"pain","birth","roar",0.883,"OTHER","effort",FALSE
"159","ut_pain_71_f_mixed-with-laughter.mp3",25.8055555555556,2.47222222222222,1.97222222222222,0,3.55555555555556,46.8888888888889,8.02777777777778,2.83333333333333,12.6388888888889,1.36111111111111,36,36,0,1.72222222222222,"pain","injury","scream",4.047,"OTHER","joy",FALSE
"160","ut_pain_74.mp3",0,7.5,4.76315789473684,11.6315789473684,8.02631578947368,0,65.6578947368421,0,2.63157894736842,1.23684210526316,38,38,0,1.42105263157895,"pain","injury","roar",1.602,"AM","pain",TRUE
"161","ut_pain_75.mp3",15.2068965517241,3.72413793103448,3.44827586206897,6.41379310344828,3.27586206896552,19.5172413793103,26.5862068965517,0.793103448275862,0,1.44827586206897,29,27,2,1.48148148148148,"pain","injury","roar",1.611,"AM","pain",TRUE
"162","ut_pain_79.mp3",0,4.625,4.21875,27,0.0625,0,40.53125,4.1875,0,1.1875,32,31,1,1.32258064516129,"pain","injury","grunt",0.644,"AM","pain",TRUE
"163","ut_pain_80.mp3",0.714285714285714,25.2285714285714,0,40.1142857142857,6.62857142857143,2.82857142857143,32.2571428571429,3.28571428571429,0.171428571428571,1.11428571428571,35,34,1,1.67647058823529,"pain","injury","roar",3.609,"AM","effort",FALSE
"164","ut_pain_81-1.mp3",1.79411764705882,9.02941176470588,11.8823529411765,22.5588235294118,7.55882352941176,0,43.3529411764706,0,1.70588235294118,1.23529411764706,34,32,2,1.625,"pain","injury","roar",1.62,"AM","pain",TRUE
"165","ut_pain_82.mp3",0,7.03030303030303,1.63636363636364,0.575757575757576,60.6060606060606,1.42424242424242,5.18181818181818,0,0,1.36363636363636,33,32,1,1.28125,"pain","injury","scream",1.038,"AM","fear",FALSE
"166","ut_pain_83.mp3",3.73529411764706,2.38235294117647,10.9411764705882,28.3823529411765,0,3.14705882352941,12.2352941176471,16.7352941176471,0,1.11764705882353,34,33,1,1.57575757575758,"pain","injury","grunt",0.857,"AM","effort",FALSE
"167","ut_pain_88-m-screams-very-acute.mp3",0,9.38709677419355,2.96774193548387,2.06451612903226,78.1935483870968,0.806451612903226,18.4193548387097,0,0,1.12903225806452,31,29,2,1.72413793103448,"pain","injury","scream",4.245,"AM","fear",FALSE
"168","ut_pain_89-m-scream.mp3",0,6.19354838709677,1.7741935483871,8.35483870967742,12.258064516129,0,32.8709677419355,12.5483870967742,2,1.45161290322581,31,29,2,1.58620689655172,"pain","injury","scream",0.757,"AM","pain",TRUE
"169","ut_pain_93-m-scream-acute.mp3",1.68965517241379,0.896551724137931,0.620689655172414,8.41379310344828,20.7931034482759,1.48275862068966,62.2413793103448,1.10344827586207,0,1.17241379310345,29,28,1,1.46428571428571,"pain","injury","scream",4.811,"AM","pain",TRUE
"170","ut_pain_94-m-tone.mp3",0,0,0,1.66666666666667,6.36666666666667,0,37.5,0,20.4,1.33333333333333,30,27,3,1.18518518518519,"pain","injury","tone",5.126,"AM","pain",TRUE
"171","ut_pain_96-m-tone.mp3",0,0.551724137931034,3.06896551724138,36.1034482758621,0.689655172413793,0,32.7241379310345,23.3103448275862,3.48275862068966,1.06896551724138,29,29,0,1.55172413793103,"pain","injury","moan",5.654,"AM","effort",FALSE
"172","ut_pain_98-m-scream.mp3",0,12.5333333333333,0,5.16666666666667,7.06666666666667,2.73333333333333,31.2333333333333,0,0.733333333333333,1.6,30,24,6,1.29166666666667,"pain","injury","scream",0.869,"AM","pain",TRUE
"173","ut_pain_99-m-grunt.mp3",0.3,0,10.05,5.2,1.4,0,25,5.825,6.325,1.825,40,37,3,1.35135135135135,"pain","injury","moan",0.551,"AM","pain",TRUE
"174","ut_pain_z103-m-sigh.mp3",3.57142857142857,2.71428571428571,4.46428571428571,8.07142857142857,0,2.32142857142857,8.32142857142857,29.8571428571429,0.571428571428571,1.42857142857143,28,27,1,1.18518518518519,"pain","injury","sigh",0.539,"AM","pleasure",FALSE
"175","ut_pregn_04-f-scream-of-delight.mp3",13.9333333333333,0,9.66666666666667,1.83333333333333,54.0666666666667,12.6666666666667,10.5,0,0,1.66666666666667,30,29,1,1.58620689655172,"joy","pregnancy","scream",3.559,"OTHER","fear",FALSE
"176","ut_pregn_05-m-roar-laugh.mp3",29.3235294117647,3.88235294117647,5.26470588235294,3.20588235294118,2.61764705882353,47.2941176470588,6.58823529411765,3.29411764705882,0,1.17647058823529,34,32,2,1.71875,"joy","pregnancy","roar",2.546,"AM","joy",TRUE
"177","ut_pregn_07-f-scream-of-delight.mp3",38.6052631578947,1.63157894736842,1.57894736842105,0,15.5526315789474,48.3157894736842,0.815789473684211,9.18421052631579,2.57894736842105,1.31578947368421,38,36,2,1.75,"joy","pregnancy","scream",5.929,"OTHER","joy",TRUE
"178","ut_pregn_11-f-scream-of-delight.mp3",21.3243243243243,0.486486486486487,0,0,11.8378378378378,39.5135135135135,8.35135135135135,4.24324324324324,0.972972972972973,1.18918918918919,37,33,4,1.42424242424242,"joy","pregnancy","scream",1.904,"OTHER","joy",TRUE
"179","ut_pregn_12-f-scream-crying-delight.mp3",32.09375,1.65625,2.34375,1.53125,11,39.5,4.3125,3.03125,9.8125,1.1875,32,31,1,1.74193548387097,"joy","pregnancy","whimper",4.554,"OTHER","joy",TRUE
"180","ut_pregn_13-f-tone-delight1.mp3",4.33333333333333,9.46666666666667,3.56666666666667,3.6,20.1333333333333,7.76666666666667,15.9666666666667,3.13333333333333,1.8,1.33333333333333,30,29,1,1.48275862068966,"joy","pregnancy","scream",1.758,"OTHER","fear",FALSE
"181","ut_pregn_15-f-sigh-delight.mp3",0.852941176470588,0,4.38235294117647,1.64705882352941,2.58823529411765,2.88235294117647,0.323529411764706,28.3235294117647,2.94117647058824,1.64705882352941,34,23,11,1.1304347826087,"joy","pregnancy","sigh",0.545,"OTHER","pleasure",FALSE
"182","ut_pregn_16-2-f-scream-delight.mp3",0,3.2258064516129,0,1.29032258064516,80.8064516129032,0,4.64516129032258,0,0,1.06451612903226,31,31,0,1.09677419354839,"joy","pregnancy","scream",1.316,"OTHER","fear",FALSE
"183","ut_pregn_17-f-scream-delight.mp3",0,2.69444444444444,0,0,65.0277777777778,5.97222222222222,15.1944444444444,0,4.02777777777778,1.22222222222222,36,35,1,1.28571428571429,"joy","pregnancy","scream",2.827,"OTHER","fear",FALSE
"184","ut_pregn_18-f-scream-laugh.mp3",21.8484848484848,1.96969696969697,0,0,21.969696969697,41.3030303030303,15.8181818181818,6.78787878787879,0,1.21212121212121,33,33,0,1.63636363636364,"joy","pregnancy","scream",5.453,"OTHER","joy",TRUE
"185","ut_pregn_19-f-scream-delight.mp3",1.04878048780488,1.24390243902439,2.21951219512195,0.24390243902439,28.219512195122,7.09756097560976,18.8048780487805,3.19512195121951,8.80487804878049,1.90243902439024,41,33,8,1.51515151515152,"joy","pregnancy","scream",1.453,"OTHER","fear",FALSE
"186","ut_pregn_21-f-cackling-laugh.mp3",56.1428571428571,0,0,0.542857142857143,6.34285714285714,50.7714285714286,0,15.0285714285714,0,1.05714285714286,35,35,0,1.77142857142857,"joy","pregnancy","laugh",4.279,"OTHER","amusement",FALSE
"187","ut_pregn_21-f-laugh-cry.mp3",52.9714285714286,0,0,0,0,45.2857142857143,0.914285714285714,9.68571428571429,5.68571428571429,1.25714285714286,35,35,0,1.71428571428571,"joy","pregnancy","laugh",3.436,"OTHER","amusement",FALSE
"188","ut_pregn_24-f-aawh-a-bit-noisy.mp3",17.6896551724138,0,1.6551724137931,0,0,10.4827586206897,3.44827586206897,6.27586206896552,8.20689655172414,1.55172413793103,29,23,6,1.26086956521739,"joy","pregnancy","tone",1.789,"OTHER","amusement",FALSE
"189","ut_pregn_26-1b-f-scream-delight.mp3",3.11764705882353,13.0882352941176,0.323529411764706,2.23529411764706,45.0294117647059,12.9411764705882,17.4117647058824,1.73529411764706,3.79411764705882,1.29411764705882,34,34,0,1.5,"joy","pregnancy","scream",2.471,"OTHER","fear",FALSE
"190","ut_pregn_27-f-laugh-cry.mp3",29.7741935483871,0,0,0.967741935483871,2.2258064516129,26.3548387096774,10.3870967741935,1,23.7741935483871,1.35483870967742,31,30,1,1.4,"joy","pregnancy","whimper",2.442,"OTHER","amusement",FALSE
"191","ut_pregn_33-f-surprise-intake-of-breath.mp3",2.72727272727273,0,2.84848484848485,13.3636363636364,14.3030303030303,0,15.2121212121212,14.2727272727273,0,1.75757575757576,33,28,5,1.32142857142857,"joy","pregnancy","sigh",1.289,"OTHER","pain",FALSE
"192","ut_pregn_36-f-laugh-sob.mp3",33.780487804878,0,0,0.878048780487805,4.48780487804878,26.0975609756098,0,3.36585365853659,3.09756097560976,1.4390243902439,41,35,6,1.42857142857143,"joy","pregnancy","whimper",2.226,"OTHER","amusement",FALSE
"193","ut_pregn_38-f-tone-delight.mp3",7.24,0.56,0.76,2.36,10.84,32.12,8.96,4.92,27.96,1.32,25,23,2,1.69565217391304,"joy","pregnancy","whimper",2.436,"OTHER","joy",TRUE
"194","ut_pregn_41-f-laugh.mp3",23.65625,0,3,1.40625,10.0625,50,3.25,27.28125,0,1.125,32,31,1,1.7741935483871,"joy","pregnancy","whimper",4.557,"OTHER","joy",TRUE
"195","ut_pregn_46-2-f-scream-delight.mp3",8.51351351351351,0,2.89189189189189,0.864864864864865,29.1351351351351,19.6486486486486,0,9.45945945945946,0,1.43243243243243,37,34,3,1.32352941176471,"joy","pregnancy","tone",1.165,"OTHER","fear",FALSE
"196","ut_pregn_50-1-m-surprise-delight.mp3",0,0.709677419354839,0.612903225806452,25.5483870967742,4.06451612903226,0,5.74193548387097,2,4.96774193548387,1.54838709677419,31,21,10,1.19047619047619,"joy","pregnancy","sigh",1.191,"AM","effort",FALSE
"197","ut_pregn_51-1-m-sigh-happy.mp3",1.06896551724138,0,0,8.41379310344828,0,4.62068965517241,2.58620689655172,47.8620689655172,0,1.3448275862069,29,27,2,1.11111111111111,"joy","pregnancy","sigh",0.916,"AM","pleasure",FALSE
"198","ut_pregn_51-2-f-whimper.mp3",0,0,0,3.86206896551724,11.5862068965517,3.10344827586207,11.3793103448276,27.9655172413793,4.6551724137931,1.37931034482759,29,27,2,1.14814814814815,"joy","pregnancy","moan",0.75,"OTHER","pleasure",FALSE
"199","ut_pregn_54-1-f-surprise.mp3",1.61538461538462,0,0,16.2692307692308,0,0,0,24.7692307692308,11.6153846153846,1.38461538461538,26,24,2,1.29166666666667,"joy","pregnancy_own","sigh",1.706,"OTHER","pleasure",FALSE
"200","ut_sad-cry_00.mp3",0,0.433333333333333,2.56666666666667,0,7.4,0,16.2333333333333,0,57.2333333333333,1.16666666666667,30,28,2,1.53571428571429,"sadness","after_fright","whimper",2.22,"OTHER","sadness",TRUE
"201","ut_sad-cry_03.mp3",14.4347826086957,0,1.08695652173913,0.391304347826087,5.34782608695652,6.78260869565217,4.78260869565217,4.34782608695652,39.1304347826087,1.47826086956522,23,23,0,1.52173913043478,"sadness","after_fright","whimper",1.8,"OTHER","sadness",TRUE
"202","ut_sad-cry_05-3.mp3",0,2.93103448275862,0,0,3.31034482758621,0,17.6896551724138,0,77.7931034482759,1.03448275862069,29,28,1,1.42857142857143,"sadness","after_injury","whimper",3.358,"OTHER","sadness",TRUE
"203","ut_sad-cry_06-m.mp3",0,0.666666666666667,0.666666666666667,5.96296296296296,6.92592592592593,0,12.1481481481481,0,50.4814814814815,1.37037037037037,27,25,2,1.44,"sadness","crying.justsad","whimper",1.691,"AM","sadness",TRUE
"204","ut_sad-cry_12-m.mp3",2.5,1.85,0,1.35,1.25,4.675,14.05,0,66.725,1.15,40,38,2,1.36842105263158,"sadness","death","whimper",3.915,"AM","sadness",TRUE
"205","ut_sad-cry_16-m.mp3",3.33333333333333,3.2,0.666666666666667,0.766666666666667,4.9,3.33333333333333,19.1,0,57.4333333333333,1.4,30,29,1,1.55172413793103,"sadness","death","whimper",2.509,"AM","sadness",TRUE
"206","ut_sad-cry_21-m-super-rapid-breathing.mp3",0.972972972972973,0,0,26.5405405405405,26.1351351351351,0,4.08108108108108,8.37837837837838,17.5675675675676,1.27027027027027,37,36,1,1.36111111111111,"sadness","talk_problems","whimper",2.686,"AM","effort",FALSE
"207","ut_sad-cry_23-m.mp3",0,2.38235294117647,0.647058823529412,1.02941176470588,12.5882352941176,0,7,2.88235294117647,57.2941176470588,1.26470588235294,34,32,2,1.375,"sadness","crying.justsad","whimper",2.138,"AM","sadness",TRUE
"208","ut_sad-cry_28-f.mp3",0,8.23529411764706,0,13.6764705882353,20.1470588235294,0,37.4705882352941,11.9411764705882,34.2647058823529,1.05882352941176,34,33,1,1.81818181818182,"sadness","talk_problems","whimper",4.994,"OTHER","pain",FALSE
"209","ut_sad-cry_30-f.mp3",0,0,0,0.216216216216216,2.35135135135135,1.56756756756757,22.0810810810811,0,54.1351351351351,1.51351351351351,37,35,2,1.31428571428571,"sadness","talk_problems","whimper",4.529,"OTHER","sadness",TRUE
"210","ut_sad-cry_33-f.mp3",0,0,4,0,0,0,7.26086956521739,0,80.7826086956522,1.08695652173913,23,23,0,1.21739130434783,"sadness","talk_problems","whimper",3.701,"OTHER","sadness",TRUE
"211","ut_sad-cry_34-f.mp3",0,3.64705882352941,3.02941176470588,6.38235294117647,4.76470588235294,0,41.7647058823529,4.38235294117647,29.7941176470588,1.20588235294118,34,33,1,1.60606060606061,"sadness","tantrum","whimper",2.164,"OTHER","pain",FALSE
"212","ut_sad-cry_37-m.mp3",0,0,4.38888888888889,1.83333333333333,1.66666666666667,0,10.8055555555556,0,77.6111111111111,1.19444444444444,36,33,3,1.39393939393939,"sadness","talk_problems","whimper",2.718,"AM","sadness",TRUE
"213","ut_sad-cry_38-f.mp3",7.31034482758621,1.93103448275862,0,1.48275862068966,6.6551724137931,2.79310344827586,11.9655172413793,1.10344827586207,56.1034482758621,1.27586206896552,29,28,1,1.5,"sadness","crying.justsad","whimper",2.27,"OTHER","sadness",TRUE
"214","ut_sad-cry_39-m.mp3",0,0,0,4.41935483870968,3.54838709677419,0,13.5161290322581,7.7741935483871,58.8387096774194,1.19354838709677,31,30,1,1.46666666666667,"sadness","touched","whimper",5.019,"AM","sadness",TRUE
"215","ut_sad-cry_40-m.mp3",2.20588235294118,0,2.91176470588235,0,0,0,5.76470588235294,0.911764705882353,76.1176470588235,1.14705882352941,34,34,0,1.20588235294118,"sadness","talk_problems","whimper",2.302,"AM","sadness",TRUE
"216","ut_sad-cry_42-f.mp3",1.64864864864865,0,0,0.459459459459459,2.94594594594595,2.89189189189189,6.91891891891892,2.62162162162162,68.3243243243243,1.2972972972973,37,36,1,1.38888888888889,"sadness","crying.justsad","whimper",2.617,"OTHER","sadness",TRUE
"217","ut_sad-cry_45-f.mp3",0,3.33333333333333,0,0.366666666666667,0,0,13.5333333333333,3.33333333333333,73.9666666666667,1.1,30,30,0,1.3,"sadness","crying.justsad","whimper",1.544,"OTHER","sadness",TRUE
"218","ut_sad-cry_46-f.mp3",0,3.05882352941176,0,0.617647058823529,1.97058823529412,0,27.2647058823529,0,82.3235294117647,1,34,34,0,1.64705882352941,"sadness","talk_problems","whimper",5.508,"OTHER","sadness",TRUE
"219","ut_sad-cry_48-f.mp3",0,4.6875,0.375,0.53125,6.4375,0,19.875,0,64.8125,1.0625,32,31,1,1.32258064516129,"sadness","talk_problems","whimper",3.622,"OTHER","sadness",TRUE
"220","ut_sad-cry_50-m.mp3",0,0,0,0,0,0,6.34375,0,67.6875,1.03125,32,31,1,1.12903225806452,"sadness","talk_problems","whimper",1.585,"AM","sadness",TRUE
"221","ut_sad-cry_52-f.mp3",0,0.710526315789474,0,0,0.526315789473684,0,1.39473684210526,0,73.6578947368421,1.23684210526316,38,37,1,1.05405405405405,"sadness","talk_problems","whimper",1.43,"OTHER","sadness",TRUE
"222","ut_sad-cry_54-m.mp3",0,0,0.727272727272727,1.12121212121212,0.848484848484849,0,3,0,79.6060606060606,1.06060606060606,33,33,0,1.18181818181818,"sadness","crying.justsad","whimper",1.351,"AM","sadness",TRUE
"223","ut_sad-cry_56-m.mp3",0,1.16,4,8,0.92,0,8.4,0,46.52,1.32,25,24,1,1.16666666666667,"sadness","talk_problems","tone",3.886,"AM","sadness",TRUE
"224","ut_sex_04-f-breathy-moans.mp3",2.38095238095238,0,0,8.30952380952381,1.38095238095238,2.38095238095238,7.28571428571429,70.5476190476191,0.785714285714286,1.16666666666667,42,41,1,1.36585365853659,"pleasure","sex","moan",4.278,"OTHER","pleasure",TRUE
"225","ut_sex_06-f-effortful-moans.mp3",3.31818181818182,0,0,11.5909090909091,0,4.77272727272727,11.7727272727273,64.4545454545455,3.86363636363636,1.36363636363636,22,22,0,1.40909090909091,"pleasure","sex","grunt",4.001,"OTHER","pleasure",TRUE
"226","ut_sex_10-f-moans.mp3",1.83333333333333,0,0,2.27777777777778,0,5.38888888888889,0,85.1944444444444,0,1,36,36,0,1.13888888888889,"pleasure","sex","moan",5.39,"OTHER","pleasure",TRUE
"227","ut_sex_13-f-orgasm-overdrive.mp3",2.77142857142857,0,0,6.82857142857143,0,5.11428571428571,6.08571428571429,78.1142857142857,2.85714285714286,1.02857142857143,35,32,3,1.5,"pleasure","sex","moan",6.541,"OTHER","pleasure",TRUE
"228","ut_sex_16-f-breathy-moans.mp3",0.404761904761905,0,0,6.66666666666667,1.07142857142857,1.95238095238095,8.80952380952381,75.4523809523809,2.35714285714286,1.19047619047619,42,42,0,1.4047619047619,"pleasure","sex","moan",2.758,"OTHER","pleasure",TRUE
"229","ut_sex_17-f-orgasm.mp3",5.35714285714286,0,0,1.28571428571429,9.89285714285714,6.10714285714286,15.3928571428571,60.1071428571429,5.32142857142857,1.32142857142857,28,27,1,1.74074074074074,"pleasure","sex","moan",3.664,"OTHER","pleasure",TRUE
"230","ut_sex_18-f-effortful-moans.mp3",2.41666666666667,0.833333333333333,0,8,0,5.41666666666667,5.91666666666667,79.1944444444444,2.77777777777778,1.08333333333333,36,35,1,1.42857142857143,"pleasure","sex","moan",5.344,"OTHER","pleasure",TRUE
"231","ut_sex_19-f-mixed-moans.mp3",0,0,0,8.63157894736842,0,5.47368421052632,1.78947368421053,82.6315789473684,0,1.10526315789474,38,37,1,1.37837837837838,"pleasure","sex","moan",6.033,"OTHER","pleasure",TRUE
"232","ut_sex_22-f-breathy-moan.mp3",0,0,0,3.48387096774194,0,0.967741935483871,2.41935483870968,77.8387096774194,0,1.12903225806452,31,31,0,1.19354838709677,"pleasure","sex","grunt",0.949,"OTHER","pleasure",TRUE
"233","ut_sex_23-f-long-moans.mp3",2.39024390243902,0,0,4.1219512195122,0,4,4.41463414634146,76.1951219512195,0,1.07317073170732,41,40,1,1.225,"pleasure","sex","moan",4.925,"OTHER","pleasure",TRUE
"234","ut_sex_29-f-orgasm-scream.mp3",1.54838709677419,0,0,14.3870967741935,0.741935483870968,2.16129032258065,31.258064516129,51.8387096774194,0.483870967741935,1.06451612903226,31,31,0,1.48387096774194,"pleasure","sex","scream",7.399,"OTHER","pleasure",TRUE
"235","ut_sex_30-f-orgasm-scream.mp3",0,22.6285714285714,11.2,18.6571428571429,5.45714285714286,0,27.9714285714286,9.14285714285714,0,1.25714285714286,35,34,1,1.52941176470588,"pleasure","sex","roar",1.373,"OTHER","pain",FALSE
"236","ut_sex_36-m-moaning.mp3",1.12,0,6.8,14.28,0,3.44,3.92,51.6,1.2,1.32,25,25,0,1.48,"pleasure","sex","grunt",0.986,"AM","pleasure",TRUE
"237","ut_sex_47-m-moaning.mp3",2.94117647058824,0,2.55882352941176,19.3235294117647,0,6.08823529411765,6.70588235294118,36.7352941176471,1.26470588235294,1.26470588235294,34,34,0,1.23529411764706,"pleasure","sex","moan",2.022,"AM","pleasure",TRUE
"238","ut_sex_48-m-rhythmic-grunts.mp3",2.66666666666667,0,0,8,0,1.86666666666667,5.76666666666667,73.5333333333333,0.9,1.13333333333333,30,29,1,1.31034482758621,"pleasure","sex","grunt",4.922,"AM","pleasure",TRUE
"239","ut_sex_49-m-moaning.mp3",0.444444444444444,0,1.51851851851852,4.92592592592593,0,3.7037037037037,2.25925925925926,47.5925925925926,5.62962962962963,1.25925925925926,27,25,2,1.44,"pleasure","sex","tone",1.048,"AM","pleasure",TRUE
"240","ut_sex_56-m-groan.mp3",2.70967741935484,2.7741935483871,15.0322580645161,32.0967741935484,0,0,13.258064516129,8,6.58064516129032,1.38709677419355,31,31,0,1.25806451612903,"pleasure","sex","roar",1.001,"AM","effort",FALSE
"241","ut_sex_58-f-mmm.mp3",3.91176470588235,0,0.970588235294118,9.17647058823529,0.5,2.47058823529412,3.08823529411765,39.0882352941176,0.558823529411765,1.76470588235294,34,28,6,1.32142857142857,"pleasure","sex","moan",0.681,"OTHER","pleasure",TRUE
"242","ut_sex_60-m-grunt-sigh.mp3",0,0,3.25714285714286,41.7142857142857,0,0,1.94285714285714,10.9428571428571,0.8,1.34285714285714,35,32,3,1.15625,"pleasure","sex","grunt",1.659,"AM","effort",FALSE
"243","ut_sex_62-m-low-moan.mp3",0.470588235294118,0.323529411764706,1.44117647058824,23.2352941176471,0.441176470588235,0,10.0294117647059,22.3235294117647,5.91176470588235,1.58823529411765,34,32,2,1.4375,"pleasure","sex","moan",1.015,"AM","effort",FALSE
"244","ut_sex_63-m-moans.mp3",0.516129032258065,0,0,8.12903225806452,0,0,0,73.4193548387097,0,1.09677419354839,31,31,0,1.16129032258065,"pleasure","sex","moan",5.822,"AM","pleasure",TRUE
"245","ut_sex_64-m-grunt-sigh.mp3",4.51515151515152,0.545454545454545,10.1818181818182,30.6060606060606,0,0,3.36363636363636,29.1515151515152,0.363636363636364,1.24242424242424,33,32,1,1.53125,"pleasure","sex","grunt",1.963,"AM","effort",FALSE
"246","ut_sex_68-m-moans.mp3",2.96875,0,0,25.1875,2.46875,4.78125,2.3125,69.34375,0,1.125,32,31,1,1.54838709677419,"pleasure","sex","moan",9.517,"AM","pleasure",TRUE
"247","ut_sex_70-m-moan-groan.mp3",2.83333333333333,0,0,9.19444444444444,0,0,7.38888888888889,38.2777777777778,13.6944444444444,1.27777777777778,36,33,3,1.21212121212121,"pleasure","sex","moan",2.208,"AM","pleasure",TRUE
"248","ut_sex_72-m-moans.mp3",3.03125,0,4.0625,11.90625,3.71875,6.5,7.1875,67.71875,1.15625,1.15625,32,32,0,1.46875,"pleasure","sex","moan",8.196,"AM","pleasure",TRUE
"249","ut_sportfan_01-achievement-m-roar.mp3",3.03571428571429,29.7142857142857,0,5.35714285714286,46.0357142857143,4.71428571428571,25.8571428571429,0,0,1.35714285714286,28,28,0,1.82142857142857,"joy","score","roar",1.73,"AM","fear",FALSE
"250","ut_sportfan_03-achievement-m-roar.mp3",9.16666666666667,5.66666666666667,0,0,31.0333333333333,27.8666666666667,8.86666666666667,18.2,3.33333333333333,1.26666666666667,30,28,2,1.64285714285714,"joy","score","roar",3.538,"AM","fear",FALSE
"251","ut_sportfan_05-m-achievement-relief.mp3",3.1219512195122,2.17073170731707,0,17.390243902439,1.5609756097561,5.34146341463415,29.8780487804878,4.02439024390244,2,1.46341463414634,41,36,5,1.41666666666667,"joy","score","tone",0.912,"AM","pain",FALSE
"252","ut_sportfan_07-m-achievement-roar.mp3",0,43.3478260869565,0,5.43478260869565,23.5652173913043,0,31.304347826087,0,6.17391304347826,1.1304347826087,23,21,2,1.66666666666667,"joy","score","roar",1.091,"AM","anger",FALSE
"253","ut_sportfan_09-m-achievement-roar.mp3",0,22.9655172413793,3.44827586206897,7.82758620689655,35.9310344827586,0,48.9310344827586,0,5.62068965517241,1.03448275862069,29,28,1,1.75,"joy","score","roar",2.225,"AM","pain",FALSE
"254","ut_sportfan_11-f-achievement-scream-laugh.mp3",11.1,16.9666666666667,1.4,0,46.1666666666667,18.5666666666667,9.26666666666667,5.9,0.833333333333333,1.36666666666667,30,30,0,1.66666666666667,"joy","score","scream",1.877,"OTHER","fear",FALSE
"255","ut_sportfan_13-m-achievement-roar-noisy.mp3",2.48275862068966,33.2068965517241,0,7.24137931034483,24.2758620689655,8.89655172413793,18.6551724137931,1.93103448275862,1.48275862068966,1.51724137931034,29,28,1,1.75,"joy","score","scream",1.354,"AM","anger",FALSE
"256","ut_sportfan_17-m-achievement-whimper-laugh.mp3",26.1724137931034,0.482758620689655,4.44827586206897,0,3.89655172413793,32.0689655172414,2.31034482758621,3.55172413793103,21.448275862069,1.31034482758621,29,29,0,1.51724137931034,"joy","score","whimper",2.019,"AM","joy",TRUE
"257","ut_sportfan_22-m-achievement-scream-noisy.mp3",4.05263157894737,4.18421052631579,1.68421052631579,1.02631578947368,69.9736842105263,4.31578947368421,1.84210526315789,0,0,1.28947368421053,38,37,1,1.24324324324324,"joy","score","scream",2.186,"AM","fear",FALSE
"258","ut_sportfan_27-m-achievement-roar.mp3",0,28.3333333333333,3.03030303030303,6.06060606060606,40.0606060606061,0,24.1212121212121,0,8.3030303030303,1.12121212121212,33,31,2,1.67741935483871,"joy","score","roar",1.585,"AM","fear",FALSE
"259","ut_sportfan_29-c-achievement-scream.mp3",0.393939393939394,4.39393939393939,1.09090909090909,0,70.9393939393939,1.84848484848485,9.3030303030303,2.54545454545455,0,1.12121212121212,33,33,0,1.21212121212121,"joy","score","scream",0.571,"OTHER","fear",FALSE
"260","ut_sportfan_32-f-achievement-scream.mp3",3.73333333333333,3.33333333333333,0.566666666666667,0.866666666666667,55.2,7.56666666666667,5.36666666666667,0.3,0,1.16666666666667,30,30,0,1.2,"joy","score","scream",0.807,"OTHER","fear",FALSE
